epoch,train_loss,val_loss,val_acc,val_precision,val_recall,val_f1
1,0.27353470312321887,3.115165702516623,0.1478743068391867,0.2305916750160204,0.1478743068391867,0.1163563521088739
