epoch,train_loss,val_loss,val_acc,val_precision,val_recall,val_f1
1,4.57866484803312,4.020327595818285,0.033271719038817,0.013204028458533067,0.033271719038817,0.009799695285954205
2,3.985858447411481,3.911818701766996,0.024029574861367836,0.0027563516008079682,0.024029574861367836,0.0032485779944190296
3,3.8417160931755516,3.8371539992898316,0.024029574861367836,0.0008788266616657007,0.024029574861367836,0.0016735745311597086
4,3.801362579359728,3.656267618736366,0.03512014787430684,0.00616663119245635,0.03512014787430684,0.008827534613014216
5,3.7180643993265488,3.7253454551238447,0.038817005545286505,0.005395893498323505,0.038817005545286505,0.007949152270869056
6,3.7490492655950436,3.755314147406277,0.014787430683918669,0.0027023540138550817,0.014787430683918669,0.0028125231250603986
