epoch,train_loss,val_loss,val_acc,val_precision,val_recall,val_f1
1,2.3926920020466396,1.1354747118942285,0.8189792663476874,0.8341332818090611,0.8189792663476874,0.8178460639994318
2,0.3294895576419914,0.6786772536271307,0.8373205741626795,0.8433714956027023,0.8373205741626795,0.8361587808612876
3,0.11402374569469007,0.6385985500100507,0.84688995215311,0.8518460944379219,0.84688995215311,0.8455229738794505
4,0.07985387380667933,0.6337126822491582,0.8500797448165869,0.8534146737322605,0.8500797448165869,0.8492265042993185
5,0.06450329716228376,0.6246330006459528,0.8516746411483254,0.854989119018656,0.8516746411483254,0.8507268640461335
6,0.05023470265230247,0.6398923570160981,0.8500797448165869,0.8528809054402579,0.8500797448165869,0.8488053544218466
7,0.038924740833915464,0.6481337524405376,0.8460925039872408,0.8501738833390861,0.8460925039872408,0.8448110117250753
