epoch,train_loss,val_loss,val_acc,val_precision,val_recall,val_f1
1,0.0009293987868391816,3.957423825801631,0.025878003696857672,0.01777733314772985,0.025878003696857672,0.011107936074426034
