epoch,train_loss,val_loss,val_acc,val_precision,val_recall,val_f1
1,10.11651767352048,3.6036825113948745,0.031423290203327174,0.009347383775601965,0.031423290203327174,0.012028710261279992
2,6.871503882548389,3.6061114163143135,0.06099815157116451,0.013218608004890862,0.06099815157116451,0.02042447931766549
3,5.818390439538395,3.6088668991589503,0.09057301293900184,0.01182303184093287,0.09057301293900184,0.02078562091327096
4,5.562901766861186,3.6105489109448277,0.07024029574861368,0.009224072469594351,0.07024029574861368,0.016297636370786957
5,5.535798290196587,3.610874061002749,0.06284658040665435,0.015994348629704475,0.06284658040665435,0.02535274661649174
6,5.5293248786645774,3.610912557009628,0.06284658040665435,0.04739477504727043,0.06284658040665435,0.03568753976330857
